NDCG@1,NDCG@5,NDCG@10,MAP@1,MAP@5,MAP@10,Recall@1,Recall@5,Recall@10,P@1,P@5,P@10
0.23016,0.34283,0.38143,0.23016,0.30688,0.32288,0.23016,0.45238,0.57143,0.23016,0.09048,0.05714
