NDCG@1,NDCG@5,NDCG@10,MAP@1,MAP@5,MAP@10,Recall@1,Recall@5,Recall@10,P@1,P@5,P@10
0.24128,0.3179,0.34974,0.24128,0.29511,0.30816,0.24128,0.38663,0.48547,0.24128,0.07733,0.04855
