,NDCG@1,NDCG@5,NDCG@10,MAP@1,MAP@5,MAP@10,Recall@1,Recall@5,Recall@10,P@1,P@5,P@10,task
0,0.24128,0.3179,0.34974,0.24128,0.29511,0.30816,0.24128,0.38663,0.48547,0.24128,0.07733,0.04855,FinQA
0,0.23016,0.34283,0.38143,0.23016,0.30688,0.32288,0.23016,0.45238,0.57143,0.23016,0.09048,0.05714,ConvFinQA
0,0.19178,0.11577,0.12063,0.04546,0.06534,0.06893,0.04546,0.08956,0.11182,0.19178,0.07466,0.04658,MultiHiertt
