NDCG@1,NDCG@5,NDCG@10,MAP@1,MAP@5,MAP@10,Recall@1,Recall@5,Recall@10,P@1,P@5,P@10
0.19178,0.11577,0.12063,0.04546,0.06534,0.06893,0.04546,0.08956,0.11182,0.19178,0.07466,0.04658
