NDCG@1,NDCG@5,NDCG@10,MAP@1,MAP@5,MAP@10,Recall@1,Recall@5,Recall@10,P@1,P@5,P@10
0.19841,0.29131,0.32099,0.19841,0.26177,0.27487,0.19841,0.38095,0.46825,0.19841,0.07619,0.04683
