NDCG@1,NDCG@5,NDCG@10,MAP@1,MAP@5,MAP@10,Recall@1,Recall@5,Recall@10,P@1,P@5,P@10
0.19477,0.27934,0.30548,0.19477,0.25262,0.2633,0.19477,0.36047,0.44186,0.19477,0.07209,0.04419
