,NDCG@1,NDCG@5,NDCG@10,MAP@1,MAP@5,MAP@10,Recall@1,Recall@5,Recall@10,P@1,P@5,P@10,task
0,0.19477,0.27934,0.30548,0.19477,0.25262,0.2633,0.19477,0.36047,0.44186,0.19477,0.07209,0.04419,FinQA
0,0.19841,0.29131,0.32099,0.19841,0.26177,0.27487,0.19841,0.38095,0.46825,0.19841,0.07619,0.04683,ConvFinQA
0,0.13356,0.08635,0.09029,0.03354,0.04748,0.05037,0.03354,0.06749,0.08564,0.13356,0.0589,0.03699,MultiHiertt
