NDCG@1,NDCG@5,NDCG@10,MAP@1,MAP@5,MAP@10,Recall@1,Recall@5,Recall@10,P@1,P@5,P@10
0.2381,0.38241,0.42243,0.2381,0.34524,0.36115,0.2381,0.49206,0.61905,0.2381,0.09841,0.0619
