NDCG@1,NDCG@5,NDCG@10,MAP@1,MAP@5,MAP@10,Recall@1,Recall@5,Recall@10,P@1,P@5,P@10
0.08889,0.14304,0.16246,0.06667,0.11741,0.12552,0.06667,0.2,0.25556,0.08889,0.04444,0.02889
