NDCG@1,NDCG@5,NDCG@10,MAP@1,MAP@5,MAP@10,Recall@1,Recall@5,Recall@10,P@1,P@5,P@10
0.0,0.00479,0.01156,0.0,0.0026,0.00499,0.0,0.00781,0.02734,0.0,0.00313,0.00469
