NDCG@1,NDCG@5,NDCG@10,MAP@1,MAP@5,MAP@10,Recall@1,Recall@5,Recall@10,P@1,P@5,P@10
0.56667,0.71819,0.74058,0.56667,0.67,0.67972,0.56667,0.86667,0.93333,0.56667,0.17333,0.09333
