NDCG@1,NDCG@5,NDCG@10,MAP@1,MAP@5,MAP@10,Recall@1,Recall@5,Recall@10,P@1,P@5,P@10
0.28488,0.42283,0.45848,0.28488,0.38261,0.39783,0.28488,0.5436,0.65116,0.28488,0.10872,0.06512
