,NDCG@1,NDCG@5,NDCG@10,MAP@1,MAP@5,MAP@10,Recall@1,Recall@5,Recall@10,P@1,P@5,P@10,task
0,0.0,0.00479,0.01156,0.0,0.0026,0.00499,0.0,0.00781,0.02734,0.0,0.00313,0.00469,FinDER
0,0.56667,0.71819,0.74058,0.56667,0.67,0.67972,0.56667,0.86667,0.93333,0.56667,0.17333,0.09333,FinQABench
0,0.08889,0.14304,0.16246,0.06667,0.11741,0.12552,0.06667,0.2,0.25556,0.08889,0.04444,0.02889,FinanceBench
0,0.16466,0.23783,0.26463,0.16466,0.21493,0.22609,0.16466,0.30723,0.38956,0.16466,0.06145,0.03896,TATQA
0,0.28488,0.42283,0.45848,0.28488,0.38261,0.39783,0.28488,0.5436,0.65116,0.28488,0.10872,0.06512,FinQA
0,0.2381,0.38241,0.42243,0.2381,0.34524,0.36115,0.2381,0.49206,0.61905,0.2381,0.09841,0.0619,ConvFinQA
0,0.08219,0.05764,0.06433,0.02203,0.03245,0.03506,0.02203,0.04995,0.0683,0.08219,0.03904,0.02671,MultiHiertt
