NDCG@1,NDCG@5,NDCG@10,MAP@1,MAP@5,MAP@10,Recall@1,Recall@5,Recall@10,P@1,P@5,P@10
0.08219,0.05764,0.06433,0.02203,0.03245,0.03506,0.02203,0.04995,0.0683,0.08219,0.03904,0.02671
