NDCG@1,NDCG@5,NDCG@10,MAP@1,MAP@5,MAP@10,Recall@1,Recall@5,Recall@10,P@1,P@5,P@10
0.16466,0.23783,0.26463,0.16466,0.21493,0.22609,0.16466,0.30723,0.38956,0.16466,0.06145,0.03896
