NDCG@1,NDCG@5,NDCG@10,MAP@1,MAP@5,MAP@10,Recall@1,Recall@5,Recall@10,P@1,P@5,P@10
0.51111,0.51723,0.52177,0.41111,0.48889,0.49206,0.41111,0.54444,0.55556,0.51111,0.14222,0.07333
