NDCG@1,NDCG@5,NDCG@10,MAP@1,MAP@5,MAP@10,Recall@1,Recall@5,Recall@10,P@1,P@5,P@10
0.10938,0.14169,0.14458,0.08203,0.12467,0.12641,0.08203,0.16406,0.17188,0.10938,0.05,0.02656
