NDCG@1,NDCG@5,NDCG@10,MAP@1,MAP@5,MAP@10,Recall@1,Recall@5,Recall@10,P@1,P@5,P@10
0.22384,0.3183,0.34854,0.22384,0.28915,0.30172,0.22384,0.40698,0.5,0.22384,0.0814,0.05
