NDCG@1,NDCG@5,NDCG@10,MAP@1,MAP@5,MAP@10,Recall@1,Recall@5,Recall@10,P@1,P@5,P@10
0.83333,0.86667,0.8763,0.83333,0.85556,0.85889,0.83333,0.9,0.93333,0.83333,0.18,0.09333
