,NDCG@1,NDCG@5,NDCG@10,MAP@1,MAP@5,MAP@10,Recall@1,Recall@5,Recall@10,P@1,P@5,P@10,task
0,0.10938,0.14169,0.14458,0.08203,0.12467,0.12641,0.08203,0.16406,0.17188,0.10938,0.05,0.02656,FinDER
0,0.83333,0.86667,0.8763,0.83333,0.85556,0.85889,0.83333,0.9,0.93333,0.83333,0.18,0.09333,FinQABench
0,0.51111,0.51723,0.52177,0.41111,0.48889,0.49206,0.41111,0.54444,0.55556,0.51111,0.14222,0.07333,FinanceBench
0,0.23494,0.31181,0.33794,0.23494,0.28708,0.29795,0.23494,0.38755,0.46787,0.23494,0.07751,0.04679,TATQA
0,0.22384,0.3183,0.34854,0.22384,0.28915,0.30172,0.22384,0.40698,0.5,0.22384,0.0814,0.05,FinQA
0,0.21429,0.33764,0.38183,0.21429,0.30185,0.32043,0.21429,0.44444,0.57937,0.21429,0.08889,0.05794,ConvFinQA
0,0.15068,0.08471,0.08432,0.03678,0.04781,0.04908,0.03678,0.06473,0.07267,0.15068,0.05205,0.02877,MultiHiertt
