NDCG@1,NDCG@5,NDCG@10,MAP@1,MAP@5,MAP@10,Recall@1,Recall@5,Recall@10,P@1,P@5,P@10
0.15068,0.08471,0.08432,0.03678,0.04781,0.04908,0.03678,0.06473,0.07267,0.15068,0.05205,0.02877
