NDCG@1,NDCG@5,NDCG@10,MAP@1,MAP@5,MAP@10,Recall@1,Recall@5,Recall@10,P@1,P@5,P@10
0.23494,0.31181,0.33794,0.23494,0.28708,0.29795,0.23494,0.38755,0.46787,0.23494,0.07751,0.04679
